{
  "project_info": {
    "project_number": "8222643008",
    "project_id": "l-otters",
    "storage_bucket": "l-otters.appspot.com"
  },
  "client": [
    {
      "client_info": {
        "mobilesdk_app_id": "1:8222643008:android:299bde06f2b63da39aa0a5",
        "android_client_info": {
          "package_name": "com.example.lotters"
        }
      },
      "oauth_client": [
        {
          "client_id": "8222643008-g38nkv1ouogheilouj5k0go4v9jqdkt9.apps.googleusercontent.com",
          "client_type": 3
        }
      ],
      "api_key": [
        {
          "current_key": "AIzaSyCfYijjyvrIsK21mzelMSt_8l64go80W6o"
        }
      ],
      "services": {
        "appinvite_service": {
          "other_platform_oauth_client": [
            {
              "client_id": "8222643008-g38nkv1ouogheilouj5k0go4v9jqdkt9.apps.googleusercontent.com",
              "client_type": 3
            }
          ]
        }
      }
    }
  ],
  "configuration_version": "1"
}